<assembly xmlns="http://maven.apache.org/plugins/maven-assembly-plugin/assembly/1.1.0" 
  xmlns:xsi="http://www.w3.org/2001/XMLSchema-instance"
  xsi:schemaLocation="http://maven.apache.org/plugins/maven-assembly-plugin/assembly/1.1.0 http://maven.apache.org/xsd/assembly-1.1.0.xsd">
  <id>jar-with-dependencies</id>
  <formats>
    <format>jar</format>
  </formats>
  <includeBaseDirectory>false</includeBaseDirectory>
  <dependencySets>
    <dependencySet>
      <outputDirectory>/lib/</outputDirectory>
      <useProjectArtifact>true</useProjectArtifact>
      <unpack>false</unpack>
      <scope>runtime</scope>
      <excludes>
        <exclude>org.slf4j:slf4j-simple</exclude>
        <exclude>com.gigaspaces:gs-openspaces</exclude>
        <exclude>com.gigaspaces:gs-runtime</exclude>
        <exclude>commons-logging:commons-logging</exclude>
        <exclude>org.springframework:*</exclude>
      </excludes>
    </dependencySet>
  </dependencySets>

      <fileSets>
        <fileSet>
          <directory>${project.build.outputDirectory}</directory>
          <outputDirectory></outputDirectory> 
          <includes>
            <include>bin/cfgPub.sh</include>
            <include>META-INF/spring/pu.xml</include>
            <include>META-INF/spring/sla.xml</include>
            <include>META-INF/spring/ConfigUpdaterCommandLine.xml</include>
            <include>log4j.xml</include>
          </includes>
        </fileSet>    
      </fileSets>
</assembly>
