<?xml version="1.0" encoding="utf-8"?>
<beans 	xmlns="http://www.springframework.org/schema/beans" 	
	xmlns:xsi="http://www.w3.org/2001/XMLSchema-instance" 	
	xmlns:context="http://www.springframework.org/schema/context" 	
	xmlns:os-core="http://www.openspaces.org/schema/core" 	
	xmlns:os-events="http://www.openspaces.org/schema/events" 	
	xmlns:os-remoting="http://www.openspaces.org/schema/remoting" 	
	xmlns:os-sla="http://www.openspaces.org/schema/sla" 	
	xsi:schemaLocation="http://www.springframework.org/schema/beans	http://www.springframework.org/schema/beans/spring-beans.xsd 
		http://www.springframework.org/schema/context http://www.springframework.org/schema/context/spring-context.xsd 
		http://www.openspaces.org/schema/core http://www.openspaces.org/schema/core/openspaces-core.xsd 
		http://www.openspaces.org/schema/events http://www.openspaces.org/schema/events/openspaces-events.xsd 
		http://www.openspaces.org/schema/remoting http://www.openspaces.org/schema/remoting/openspaces-remoting.xsd 
		http://www.openspaces.org/schema/sla http://www.openspaces.org/schema/sla/openspaces-sla.xsd">
		
	<bean id="cfgDataSource" class="org.apache.commons.dbcp.BasicDataSource" destroy-method="close">
        <property name="driverClassName" value="com.sybase.jdbc4.jdbc.SybDriver"/>
        <property name="url" value="jdbc:sybase:Tds:172.28.126.165:5000/datsconfigmgruathsbc"/>
        <property name="username" value="datsuatdb"/>
        <property name="password" value="Password123"/>
        <property name="maxActive" value="50"/>
        <property name="initialSize" value="10"/>
    </bean>

</beans>
