<?xml version="1.0" encoding="utf-8"?>
<beans 	xmlns="http://www.springframework.org/schema/beans" 	
	xmlns:xsi="http://www.w3.org/2001/XMLSchema-instance" 	
	xmlns:context="http://www.springframework.org/schema/context" 	
	xmlns:os-core="http://www.openspaces.org/schema/core" 	
	xmlns:os-events="http://www.openspaces.org/schema/events" 	
	xmlns:os-remoting="http://www.openspaces.org/schema/remoting" 	
	xmlns:os-sla="http://www.openspaces.org/schema/sla" 	
	xsi:schemaLocation="http://www.springframework.org/schema/beans	http://www.springframework.org/schema/beans/spring-beans.xsd 
		http://www.springframework.org/schema/context http://www.springframework.org/schema/context/spring-context.xsd 
		http://www.openspaces.org/schema/core http://www.openspaces.org/schema/core/openspaces-core.xsd 
		http://www.openspaces.org/schema/events http://www.openspaces.org/schema/events/openspaces-events.xsd 
		http://www.openspaces.org/schema/remoting http://www.openspaces.org/schema/remoting/openspaces-remoting.xsd 
		http://www.openspaces.org/schema/sla http://www.openspaces.org/schema/sla/openspaces-sla.xsd">
		
	<bean id="cfgTestInitializer" class="com.daiwacm.dats.oms.utility.configManager.ConfigManagerInitializer">
		<property name="gigaSpace" ref="cfgGigaSpace"/>
    	<property name="filterTags">
	    	<list>
	            <map>
	            	<entry key="name" value="mic"/>
            		<entry key="precedence" value="1"/>
           			<entry key="derivation" value="product.MIC" />
       			</map>
	            <map>
	            	<entry key="name" value="strategy"/>
            		<entry key="precedence" value="2"/>
           			<entry key="derivation" value="fix.Strategy" />
       			</map>
       			<map> 
       				<entry key="name" value="style" /> 
       				<entry key="precedence" value="2.5" /> 
       				<entry key="derivation" value="fix.ExecStyle" /> 
       			</map>
       			<map> 
       				<entry key="name" value="symbol" /> 
       				<entry key="precedence" value="2.6" /> 
       				<entry key="derivation" value="product.RIC" /> 
       			</map>
       			<map>
	            	<entry key="name" value="side"/>
            		<entry key="precedence" value="2.8"/>
           			<entry key="derivation" value="object.side" />
       			</map>   <!-- DATS-3763 -->    			
	            <map>
	            	<entry key="name" value="client"/>
            		<entry key="precedence" value="3"/>
           			<entry key="derivation" value="fix.ClientID" />
       			</map>
 				<map>
		        	<entry key="name" value="daiwaAccount"/>
		        	<entry key="precedence" value="3.1"/>
		        	<entry key="derivation" value="fix.DaiwaAccount" />
		        </map>
		        <map>
		        	<entry key="name" value="customerId"/>
		        	<entry key="precedence" value="3.2"/>
		        	<entry key="derivation" value="fix.CustomerId" />
		        </map>
		        <map>
		        	<entry key="name" value="senderSubID"/>
		        	<entry key="precedence" value="3.4"/>
		        	<entry key="derivation" value="fix.SenderSubID" />
		        </map>
		        <map>
		        	<entry key="name" value="OnBehalfOfCompID"/>
		        	<entry key="precedence" value="3.5"/>
		        	<entry key="derivation" value="fix.OnBehalfOfCompID" />
		        </map>
       			
	            <map>
	            	<entry key="name" value="route"/>
            		<entry key="precedence" value="4"/>
           			<entry key="derivation" value="fix.ExternalRoutingInfo" />
       			</map>
	    	</list>
    	</property>
    	
    	<property name="filters">
			<list>
				<map>
					<entry key="name" value="TestClient_IBChat" />
					<entry key="condition" value="client=TestClient_IBChat" />
				</map>
		        <map>
			        <entry key="name" value="HK_SDMA_HSBC"/>
			        <entry key="condition" value="mic=XHKG;strategy=0;client=HSBC"/>
		        </map>
		        <map>
			        <entry key="name" value="HK_SDMA"/>
			        <entry key="condition" value="mic=XHKG;strategy=0;"/>
		        </map>
		        <map>
			        <entry key="name" value="HKSE"/>
			        <entry key="condition" value="mic=XHKG;"/>
		        </map>
		        <map>
			        <entry key="name" value="HKCareRouting"/>
			        <entry key="condition" value="mic=XHKG;route=CARE"/>
		        </map>
		        
		        <map> <entry key="name" value="JPDMA"/> <entry key="condition" value="mic in (XTKS,XOSE,XJAS,XNGO); strategy=0;"/> </map>
		        <map> <entry key="name" value="JPDMA_Fidelity"/> <entry key="condition" value="mic in (XTKS,XOSE,XJAS,XNGO); strategy=0; customerId=FIDOOMT"/> </map>
		        <map> <entry key="name" value="JPDark"/> <entry key="condition" value="mic in (XTKS,XOSE,XJAS,XNGO); strategy in (29,30,31,32);"/> </map>
		        <map> <entry key="name" value="HKIceberg"/> <entry key="condition" value="mic=XHKG;strategy=8;"/> </map>
		        <map> <entry key="name" value="HKPegging"/> <entry key="condition" value="mic=XHKG;strategy=9;"/> </map>
		        <map> <entry key="name" value="JPIceberg"/> <entry key="condition" value="mic in (XTKS,XOSE,XJAS,XNGO); strategy=8;"/> </map>
		        <map> <entry key="name" value="JPPegging"/> <entry key="condition" value="mic in (XTKS,XOSE,XJAS,XNGO); strategy=9;"/> </map>
		        <map> <entry key="name" value="JPSniper"/> <entry key="condition" value="mic in (XTKS,XOSE,XJAS,XNGO); strategy=20;"/> </map>
		        <map> <entry key="name" value="JPSniperNormPass"/> <entry key="condition" value="mic in (XTKS,XOSE,XJAS,XNGO); strategy=20; style in (NORM, PASS);"/> </map>
		        <map> <entry key="name" value="JPAggrSS"/> <entry key="condition" value="mic in (XTKS,XOSE,XJAS,XNGO); strategy=12;"/> </map>
		        <map> <entry key="name" value="JPAggrSSNormal"/> <entry key="condition" value="mic in (XTKS,XOSE,XJAS,XNGO); strategy=12; style=NORM;"/> </map>
		        <map> <entry key="name" value="JPAggrSSPassive"/> <entry key="condition" value="mic in (XTKS,XOSE,XJAS,XNGO); strategy=12; style=PASS;"/> </map>
		        <map> <entry key="name" value="DisplayQtyStrategyPassive" /> <entry key="condition" value="strategy in (8,9,20,12); style=PASS;" /> </map>
		        <map> <entry key="name" value="DisplayQtyStrategyDefault"/> <entry key="condition" value="strategy in (8,9,20,12);"/> </map>
				<map> <entry key="name" value="DisplayQtyStrategyAggressive" /> <entry key="condition" value="strategy in (8,9,20,12); style=AGGR;" /> </map>
				<map> <entry key="name" value="DisplayQtyStrategyDefault_AggSS_Sniper" /> <entry key="condition" value="strategy in (20,12);" /> </map>
				<map> <entry key="name" value="DisplayQtyStrategyDefault_Iceberg_Pegging" /> <entry key="condition" value="strategy in (8,9);" /> </map>
				

		        <map> <entry key="name" value="ScheduledAlgo"/> <entry key="condition" value="strategy in (1,5,6,7);"/> </map>

		        <map> <entry key="name" value="TSEExch"/> <entry key="condition" value="mic=XTKS"/> </map>
		        <map> <entry key="name" value="OSEExch"/> <entry key="condition" value="mic=XOSE"/> </map>
		        <map> <entry key="name" value="JASExch"/> <entry key="condition" value="mic=XJAS"/> </map>
		        <map> <entry key="name" value="NGOExch"/> <entry key="condition" value="mic=XNGO"/> </map>

		        <map> <entry key="name" value="JPExch"/> <entry key="condition" value="mic in (XTKS, XOSE, XJAS, XNGO)"/> </map>

		        <map>
		        	<entry key="name" value="RejectShortSellExempt"/>
		        	<entry key="condition" value="customerId&lt;&gt;TRADE_PORT; daiwaAccount in (00272068700401, 00272070000401, 00873377701732, 00272078300401, 00873377702632, 00873377704032, 00873377704732, 00873377705032, 00873377708732, 00876404096134)" />
		        </map>
		        <map>
		        	<entry key="name" value="CustomerIdSetup_KNIGHT"/>
		        	<entry key="condition" value="customerId=KNIGHT"/>
		        </map>
		        <map>
		        	<entry key="name" value="CustomerIdSetup_KNIGHT-FID"/>
		        	<entry key="condition" value="customerId=KNIGHT-FID"/>
		        </map>
		        <map>
		        	<entry key="name" value="CustomerIdSetup_Brock-ITG"/>
		        	<entry key="condition" value="customerId=Brock-ITG"/>
		        </map>
		        <map>
		        	<entry key="name" value="CustomerIdSetup_DAIWACMEU"/>
		        	<entry key="condition" value="customerId=DAIWACMEU"/>
		        </map>
		        <map>
		        	<entry key="name" value="CustomerIdSetup_Harris_RT"/>
		        	<entry key="condition" value="customerId=Harris_RT"/>
		        </map>
		        <map>
		        	<entry key="name" value="CustomerIdSetup_INDUS"/>
		        	<entry key="condition" value="customerId=INDUS"/>
		        </map>
		        <map>
		        	<entry key="name" value="CustomerIdSetup_LOUIS"/>
		        	<entry key="condition" value="customerId=LOUIS"/>
		        </map>
		        <map>
		        	<entry key="name" value="CustomerIdSetup_UMJ_VPL"/>
		        	<entry key="condition" value="customerId=UMJ_VPL"/>
		        </map>
		        <map>
		        	<entry key="name" value="CustomerIdSetup_WILL-AUTEX"/>
		        	<entry key="condition" value="customerId=WILL-AUTEX"/>
		        </map>
		        <map>
		        	<entry key="name" value="CustomerIdSetup_KNIGHT SEC"/>
		        	<entry key="condition" value="customerId=KNIGHT SEC"/>
		        </map>
		        <map>
		        	<entry key="name" value="CustomerIdSetup_TRADE_PORT"/>
		        	<entry key="condition" value="customerId=TRADE_PORT"/>
		        </map>
		        <map>
		        	<entry key="name" value="OrdTyp_StopLimit_HSBC"/>
		        	<entry key="condition" value="ordType=STOP_LIMIT;client=HSBC"/>
		        </map>
		         <map>
		        	<entry key="name" value="CustomerIdSetup_DSETMAINAK"/>
		        	<entry key="condition" value="customerId=DSETMAINAK"/>
		        </map>
		        <map>
		        	<entry key="name" value="ArrivalDefault"/> <entry key="condition" value="strategy=7;"/>
		        </map>
		        <map>
		        	<entry key="name" value="ArrivalPASS"/> <entry key="condition" value="strategy=7; style=PASS"/>
		        </map>
		        <map>
		        	<entry key="name" value="ArrivalNORM"/> <entry key="condition" value="strategy=7; style=NORM"/>
		        </map>
		        <map>
		        	<entry key="name" value="ArrivalAGGR"/> <entry key="condition" value="strategy=7; style=AGGR"/>
		        </map>
		        <map>
		        	<entry key="name" value="WellingtonArrival"/> <entry key="condition" value="customerId=Wellington; strategy=7;"/>
		        </map>
		        <map>
		        	<entry key="name" value="WellingtonArrivalPASS"/> <entry key="condition" value="customerId=Wellington; strategy=7; style=PASS"/>
		        </map>
		        <map>
		        	<entry key="name" value="WellingtonArrivalNORM"/> <entry key="condition" value="customerId=Wellington; strategy=7; style=NORM"/>
		        </map>
		        <map>
		        	<entry key="name" value="WellingtonArrivalAGGR"/> <entry key="condition" value="customerId=Wellington; strategy=7; style=AGGR"/>
		        </map>
		        
		        <!-- Client Alert mapping -->
		        <map>
		        	<entry key="name" value="TravisGriffith"/> <entry key="condition" value="customerId=FIDOOMT; senderCompID=FMRB/THG"/>
		        </map>
		        <map>
		        	<entry key="name" value="HansSham"/> <entry key="condition" value="customerId=BLACKROCK; senderCompID=6094253"/>
		        </map>
			</list>
		</property>
		
    	<property name="propertyTags">
			<list>
				<map>
		        	<entry key="id" value="AmAuctionPlacementTime"/>
		        	<entry key="tag" value="60093"/>
		        </map>
		        <map>
		        	<entry key="id" value="Modules"/>
		        	<entry key="tag" value="10001"/>
		        </map>
		        <!--map>
		        	<entry key="id" value="OddLotBehavior"/>
		        	<entry key="tag" value="10004"/>
		        </map-->
		        <map>
		        	<entry key="id" value="RejectOddLotOrderInAuction"/>
		        	<entry key="tag" value="10014"/>
		        </map>
		        <map>
		        	<entry key="id" value="RejectOddLotOnlyReplaceRequests"/>
		        	<entry key="tag" value="10015"/>
		        </map>
		        <map>
		        	<entry key="id" value="AmendSimulateOddLotReplaceRequests"/>
		        	<entry key="tag" value="10016"/>
		        </map>
		        <map>
		        	<entry key="id" value="GracePeriod"/>
		        	<entry key="tag" value="10007"/>
		        </map>
		        <map>
		        	<entry key="id" value="PassThruUnsolicitedCancelOnLimit"/>
		        	<entry key="tag" value="10008"/>
		        </map>
		        <map>
		        	<entry key="id" value="RejectDayLimitOrderInAuction"/>
		        	<entry key="tag" value="10009"/>
		        </map>
		        <map>
		        	<entry key="id" value="FlipTimeInForceOnClockSkew"/>
		        	<entry key="tag" value="10010"/>
		        </map>
		        <map>
		        	<entry key="id" value="PreOpenAuctionFlipTimeInForce"/>
		        	<entry key="tag" value="10011"/>
		        </map>
		        <map>
		        	<entry key="id" value="DfdMarketOrders"/>
		        	<entry key="tag" value="10013"/>
		        </map>
		        <map>
		        	<entry key="id" value="RejectOpenMarketOrderReplaces"/>
		        	<entry key="tag" value="10017"/>
		        </map>
		        <map>
		        	<entry key="id" value="DfdOrderOnAmendQtyLessThanCumQty"/>
		        	<entry key="tag" value="10018"/>
		        </map>
		        <map>
		        	<entry key="id" value="RejectSecondaryUntilOffset"/>
		        	<entry key="tag" value="10020"/>
		        </map>
		        <map>
		        	<entry key="id" value="SkipFarPriceWhenAggressivePricing"/>
		        	<entry key="tag" value="10023"/>
		        </map>
		        <map>
		        	<entry key="id" value="EnableEmptyQueueProtection"/>
		        	<entry key="tag" value="10024"/>
		        </map>
		        <map>
		        	<entry key="id" value="ResendCanceledAtAuctionLimit"/>
		        	<entry key="tag" value="10038"/>
		        </map>
    		        <map>
		        	<entry key="id" value="PassThruUnsolicitedCancelOnMarket"/>
		        	<entry key="tag" value="10044"/>
		        </map>
   		        <map>
		        	<entry key="id" value="PassToCare"/>
		        	<entry key="tag" value="10049"/>
		        </map>

   		        <map> <entry key="id" value="Account"/> <entry key="tag" value="1"/> </map>
		        <map> <entry key="id" value="ExDestination"/> <entry key="tag" value="100"/> </map>
      
   		        <map>
		        	<entry key="id" value="AuditReportLog"/>
		        	<entry key="tag" value="10074"/>
		        </map>

				<!-- display qty strategy property tags -->
				<map> <entry key="id" value="ExecStyle" /> <entry key="tag" value="6065" /> </map>
				<map> <entry key="id" value="DisplayQty" />	<entry key="tag" value="6075" /> </map>
				<map> <entry key="id" value="DispQtyAdjust" /> <entry key="tag" value="6076" /> </map>
				<map> <entry key="id" value="AtsWeight" /> <entry key="tag" value="50000" /> </map>
				<map> <entry key="id" value="NearWeight" /> <entry key="tag" value="50001" /> </map>
				<map> <entry key="id" value="QueueDiffWeight" /> <entry key="tag" value="50002" /> </map>
				<map> <entry key="id" value="AuctionWeight" />	<entry key="tag" value="50003" /> </map>
				<map> <entry key="id" value="ExecutionRatio" />	<entry key="tag" value="50004" /> </map>

		        <map>
		        	<entry key="id" value="RejectShortSellExempt"/>
		        	<entry key="tag" value="10053"/>
		        </map>
		        <map>
		        	<entry key="id" value="MaxQuantityInLots"/>
		        	<entry key="tag" value="10054"/>
		        </map>
		        <map>
		        	<entry key="id" value="MaxTradeValue"/>
		        	<entry key="tag" value="10055"/>
		        </map>
		        <map>
		        	<entry key="id" value="AvgPxRoundingFunction"/>
		        	<entry key="tag" value="10056"/>
		        </map>
		        <map>
		        	<entry key="id" value="AvgPxDecimalPlaces"/>
		        	<entry key="tag" value="10057"/>
		        </map>
		        <map>
		        	<entry key="id" value="InitialTicketNumber"/>
		        	<entry key="tag" value="10066"/>
		        </map>
		        <map>
		        	<entry key="id" value="InstrumentField"/>
		        	<entry key="tag" value="10075"/>
		        </map>
		        <map>
		        	<entry key="id" value="ClientSymbolSource"/>
		        	<entry key="tag" value="10076"/>
		        </map>
		        <map>
		        	<entry key="id" value="UnsolicitedCancelBehavior"/>
		        	<entry key="tag" value="10058"/>
		        </map>
		        <map>
		        	<entry key="id" value="UnsolicitedClOrdIDBehavior"/>
		        	<entry key="tag" value="10061"/>
		        </map>
		        <map>
		        	<entry key="id" value="SetSettlementDateOnReports"/>
		        	<entry key="tag" value="10067"/>
		        </map>
		        <map>
		        	<entry key="id" value="ConvertDfdToExpire"/>
		        	<entry key="tag" value="10065"/>
		        </map>
		        <map>
		        	<entry key="id" value="DfdFullyFilledOrders"/>
		        	<entry key="tag" value="10064"/>
		        </map>
		        <map>
		        	<entry key="id" value="DfdTime"/>
		        	<entry key="tag" value="10005"/>
		        </map>
		        <map>
		        	<entry key="id" value="ConvertTostnetLastMkt"/>
		        	<entry key="tag" value="10072"/>
		        </map>
		        <map>
		        	<entry key="id" value="OddLotBehavior"/>
		        	<entry key="tag" value="10004"/>
		        </map>
		        <map>
		        	<entry key="id" value="DontDfdIfOddLotRemaining"/>
		        	<entry key="tag" value="10071"/>
		        </map>
		        <map>
		        	<entry key="id" value="AllowStartEndTimeOutsideMktHrs"/>
		        	<entry key="tag" value="10052"/>
		        </map>
		        <map>
		        	<entry key="id" value="SecondaryOrdType"/>
		        	<entry key="tag" value="10098"/>
		        </map>
		        <map>
		        	<entry key="id" value="ExecIdFormat"/>
		        	<entry key="tag" value="10096"/>
		        </map>
		        <map>
		        	<entry key="id" value="OrderIdFormat"/>
		        	<entry key="tag" value="10079"/>
		        </map>
		        <map>
		        	<entry key="id" value="CloseAuctionWeight"/> <entry key="tag" value="60069"/>
		        </map>
		        <map>
		        	<entry key="id" value="MarketView"/> <entry key="tag" value="6073"/>
		        </map>
		        <map>
		        	<entry key="id" value="StartParticipationRate"/> <entry key="tag" value="51017"/>
		        </map>
		        <map>
		        	<entry key="id" value="DarkLimitPricePoints"/> <entry key="tag" value="60056"/>
		        </map>
		        <map>
		        	<entry key="id" value="DisableDarkPricing"/> <entry key="tag" value="60025"/>
		        </map>
		        <map>
		        	<entry key="id" value="MaxOpenQtyTradeSizeWeight"/> <entry key="tag" value="60050"/>
		        </map>
		        <map>
		        	<entry key="id" value="Trader"/> <entry key="tag" value="60097"/>
		        </map>
		        <map>
		        	<entry key="id" value="IBChat"/> <entry key="tag" value="60098"/>
		        </map>
		        <map>
					<entry key="id" value="ComplAlertOrderLiveSeconds" />
				</map>
				<map>
					<entry key="id" value="PoLimitAlertTriggerTimes" />
				</map>
				<map>
					<entry key="id" value="ContLimitCheckIntervalSeconds" />
				</map>
				<map>
		        	<entry key="id" value="AggressiveTargetFactor"/> <entry key="tag" value="60089"/>
		        </map>
		        <map>
		        	<entry key="id" value="CloseAuctionStartSecs"/> <entry key="tag" value="60109"/>
		        </map>
		        <map>
		        	<entry key="id" value="DontTakeLotsDefault"/> <entry key="tag" value="10163"/>
		        </map>
		        <map>
		        	<entry key="id" value="TriggerLotsDefault"/> <entry key="tag" value="10164"/>
		        </map>
		    </list>
	    </property>
		
    	<property name="properties">
			<list>
				<map> <entry key="filterName" value="JPIceberg" /> <entry key="id" value="AmAuctionPlacementTime" /> <entry key="value" value="08:00:00 JST" /> </map>

				<map> <entry key="filterName" value="ScheduledAlgo" /> <entry key="id" value="Modules" /> <entry key="value" value="jpScheduledAlgos" /> </map>

				<map> <entry key="filterName" value="ScheduledAlgo" /> <entry key="id" value="DisableDarkPricing" /> <entry key="value" value="N" /> </map>
				
				<map> <entry key="filterName" value="ScheduledAlgo" /> <entry key="id" value="DarkLimitPricePoints" /> <entry key="value" value="Near,1/2,Far" /> </map>

				<map> <entry key="filterName" value="ScheduledAlgo" /> <entry key="id" value="MaxOpenQtyTradeSizeWeight" /> <entry key="value" value="3" /> </map>

				<map> <entry key="filterName" value="ScheduledAlgo" /> <entry key="id" value="AggressiveTargetFactor" /> <entry key="value" value="1.25" /> </map>

				<map> <entry key="filterName" value="ScheduledAlgo" /> <entry key="id" value="CloseAuctionStartSecs" /> <entry key="value" value="30" /> </map>
			
				<!-- arrival setting -->
				<map>
					<entry key="filterName" value="ArrivalDefault" /> <entry key="id" value="CloseAuctionWeight" /> <entry key="value" value="66" />
				</map>
				<map>
					<entry key="filterName" value="ArrivalDefault" /> <entry key="id" value="MarketView" /> <entry key="value" value="NEUT" />
				</map>

				<map>
					<entry key="filterName" value="ArrivalPASS" /> <entry key="id" value="StartParticipationRate" /> <entry key="value" value="0.1" />
				</map>
				<map>
					<entry key="filterName" value="ArrivalNORM" /> <entry key="id" value="StartParticipationRate" /> <entry key="value" value="0.2" />
				</map>
				<map>
					<entry key="filterName" value="ArrivalAGGR" /> <entry key="id" value="StartParticipationRate" /> <entry key="value" value="0.3" />
				</map>
				
				<map>
					<entry key="filterName" value="WellingtonArrivalPASS" /> <entry key="id" value="CloseAuctionWeight" /> <entry key="value" value="60" />
				</map>
				<map>
					<entry key="filterName" value="WellingtonArrivalNORM" /> <entry key="id" value="CloseAuctionWeight" /> <entry key="value" value="70" />
				</map>
				<map>
					<entry key="filterName" value="WellingtonArrivalAGGR" /> <entry key="id" value="CloseAuctionWeight" /> <entry key="value" value="80" />
				</map>
				<map>
					<entry key="filterName" value="WellingtonArrival" /> <entry key="id" value="MarketView" /> <entry key="value" value="REVE" />
				</map>
				<map>
					<entry key="filterName" value="WellingtonArrivalPASS" /> <entry key="id" value="StartParticipationRate" /> <entry key="value" value="0.08" />
				</map>
				<map>
					<entry key="filterName" value="WellingtonArrivalNORM" /> <entry key="id" value="StartParticipationRate" /> <entry key="value" value="0.2" />
				</map>
				<map>
					<entry key="filterName" value="WellingtonArrivalAGGR" /> <entry key="id" value="StartParticipationRate" /> <entry key="value" value="0.5" />
				</map>
			
				<!-- default HK SDMA parameters -->
				<map>
					<entry key="filterName" value="HK_SDMA" /> 
					<entry key="id" value="OddLotBehavior" />
					<entry key="value" value="Reject" />
				</map>
				<map>
					<entry key="filterName" value="HK_SDMA" /> 
					<entry key="id" value="ResendCanceledAtAuctionLimit" />
					<entry key="value" value="N" />
				</map>
				<map>
					<entry key="filterName" value="HK_SDMA" /> 
					<entry key="id" value="RejectSecondaryUntilOffset" />
					<entry key="value" value="Y" />
				</map>
				
				
				<!-- HSBC specific parameters -->
				<map>
					<entry key="filterName" value="HK_SDMA_HSBC" /> 
					<entry key="id" value="OddLotBehavior" />
					<entry key="value" value="RouteOddLotOnRoundLotCompletion" />
				</map>
				<map>
					<entry key="filterName" value="HK_SDMA_HSBC" /> 
					<entry key="id" value="RejectOddLotOrderInAuction" />
					<entry key="value" value="Y" />
				</map>
				<map>
					<entry key="filterName" value="HK_SDMA_HSBC" /> 
					<entry key="id" value="RejectOddLotOnlyReplaceRequests" />
					<entry key="value" value="Y" />
				</map>
				<map>
					<entry key="filterName" value="HK_SDMA_HSBC" /> 
					<entry key="id" value="AmendSimulateOddLotReplaceRequests" />
					<entry key="value" value="Y" />
				</map>
				<map>
					<entry key="filterName" value="HK_SDMA_HSBC" /> 
					<entry key="id" value="RejectDayLimitOrderInAuction" />
					<entry key="value" value="N" />
				</map>
				<map>
					<entry key="filterName" value="HK_SDMA_HSBC" /> 
					<entry key="id" value="FlipTimeInForceOnClockSkew" />
					<entry key="value" value="Y" />
				</map>
				<map>
					<entry key="filterName" value="HK_SDMA_HSBC" /> 
					<entry key="id" value="PreOpenAuctionFlipTimeInForce" />
					<entry key="value" value="N" />
				</map>
				<map>
					<entry key="filterName" value="HK_SDMA" /> 
					<entry key="id" value="Modules" />
					<entry key="value" value="hksdma" />
				</map>
				<map>
					<entry key="filterName" value="HK_SDMA_HSBC" /> 
					<entry key="id" value="GracePeriod" />
					<entry key="value" value="+00:01:00" />
				</map>
				<map>
					<entry key="filterName" value="HK_SDMA_HSBC" /> 
					<entry key="id" value="DfdMarketOrders" />
					<entry key="value" value="Y" />
				</map>
				<map>
					<entry key="filterName" value="HK_SDMA_HSBC" /> 
					<entry key="id" value="RejectOpenMarketOrderReplaces" />
					<entry key="value" value="Y" />
				</map>
				<map>
					<entry key="filterName" value="HK_SDMA_HSBC" /> 
					<entry key="id" value="DfdOrderOnAmendQtyLessThanCumQty" />
					<entry key="value" value="Y" />
				</map>
				<map>
					<entry key="filterName" value="HK_SDMA_HSBC" /> 
					<entry key="id" value="RejectSecondaryUntilOffset" />
					<entry key="value" value="Y" />
				</map>
				<map>
					<entry key="filterName" value="HK_SDMA_HSBC" /> 
					<entry key="id" value="EnableEmptyQueueProtection" />
					<entry key="value" value="Y" />
				</map>
				<map>
					<entry key="filterName" value="HK_SDMA_HSBC" /> 
					<entry key="id" value="ResendCanceledAtAuctionLimit" />
					<entry key="value" value="Y" />
				</map>
				<map>
					<entry key="filterName" value="HK_SDMA_HSBC" /> 
					<entry key="id" value="PassThruUnsolicitedCancelOnMarket" />
					<entry key="value" value="Y" />
				</map>
				<map>
					<entry key="filterName" value="HK_SDMA_HSBC" /> 
					<entry key="id" value="PassToCare" />
					<entry key="value" value="Y" />
				</map>

				<map>
					<entry key="filterName" value="HK_SDMA_HSBC" /> 
					<entry key="id" value="AuditReportLog" />
					<entry key="value" value="Y" />
				</map>
				
				<map>
					<entry key="filterName" value="OrdTyp_StopLimit_HSBC" /> 
					<entry key="id" value="SecondaryOrdType" />
					<entry key="value" value="4" />
				</map>
				
				<map> <entry key="filterName" value="JPDMA" /> <entry key="id" value="Modules" /> <entry key="value" value="jpDMA" /> </map>
				<map> <entry key="filterName" value="JPDMA" /> <entry key="id" value="MaxTradeValue" /> <entry key="value" value="2999999999" /> </map>
				<map> <entry key="filterName" value="JPDMA" /> <entry key="id" value="MaxQuantityInLots" /> <entry key="value" value="2999" /> </map>
				<map> <entry key="filterName" value="JPDMA_Fidelity" /> <entry key="id" value="MaxTradeValue" /> <entry key="value" value="400000000" /> </map>

				<map> <entry key="filterName" value="JPDark" /> <entry key="id" value="Modules" /> <entry key="value" value="jpDark" /> </map>
 				<map> <entry key="filterName" value="JPDark" /> <entry key="id" value="ExDestination" /> <entry key="value" value="21" /> <entry key="override" value="Y" /> </map>

				<!-- iceberg parameters -->
				<map> <entry key="filterName" value="HKIceberg" /> <entry key="id" value="Modules" /> <entry key="value" value="hkIceberg" /> </map>
				<map> <entry key="filterName" value="JPIceberg" /> <entry key="id" value="Modules" /> <entry key="value" value="jpIceberg" /> </map>
				
				<map> <entry key="filterName" value="HKPegging" /> <entry key="id" value="Modules" /> <entry key="value" value="hkPegging" /> </map>
				<map> <entry key="filterName" value="JPPegging" /> <entry key="id" value="Modules" /> <entry key="value" value="jpPegging" /> </map>
				
				<map> <entry key="filterName" value="JPSniper" /> <entry key="id" value="Modules" /> <entry key="value" value="jpSniper" /> </map>
				<map> <entry key="filterName" value="JPAggrSS" /> <entry key="id" value="Modules" /> <entry key="value" value="jpAggrSS" /> </map>

				<map> <entry key="filterName" value="JPSniper" /> <entry key="id" value="ExecStyle" /> <entry key="value" value="AGGR" /> </map>
				<map> <entry key="filterName" value="JPSniper" /> <entry key="id" value="AtsWeight" /> <entry key="value" value="2.5" /> </map>
				<map> <entry key="filterName" value="JPSniper" /> <entry key="id" value="NearWeight" /> <entry key="value" value="0.25" /> </map>
				<map> <entry key="filterName" value="JPSniper" /> <entry key="id" value="QueueDiffWeight" /> <entry key="value" value="1" /> </map>
				<map> <entry key="filterName" value="JPSniper" /> <entry key="id" value="AuctionWeight" /> <entry key="value" value="0.05" /> </map>
				<map> <entry key="filterName" value="JPSniper" /> <entry key="id" value="ExecutionRatio" /> <entry key="value" value="0.5" /> </map>
				
				<map> <entry key="filterName" value="JPSniper" /> <entry key="id" value="DontTakeLotsDefault" /> <entry key="value" value="0" /> </map>
				<map> <entry key="filterName" value="JPSniper" /> <entry key="id" value="TriggerLotsDefault" /> <entry key="value" value="1" /> </map>
				
				<map> <entry key="filterName" value="JPSniperNormPass" /> <entry key="id" value="DontTakeLotsDefault" /> <entry key="value" value="1" /> </map>
				<map> <entry key="filterName" value="JPSniperNormPass" /> <entry key="id" value="TriggerLotsDefault" /> <entry key="value" value="2" /> </map>

				<map> <entry key="filterName" value="JPAggrSS" /> <entry key="id" value="ExecStyle" /> <entry key="value" value="AGGR" /> </map>
				<map> <entry key="filterName" value="JPAggrSS" /> <entry key="id" value="AtsWeight" /> <entry key="value" value="5" /> </map>
				<map> <entry key="filterName" value="JPAggrSS" /> <entry key="id" value="NearWeight" /> <entry key="value" value="0.25" /> </map>
				<map> <entry key="filterName" value="JPAggrSS" /> <entry key="id" value="QueueDiffWeight" /> <entry key="value" value="1" /> </map>
				<map> <entry key="filterName" value="JPAggrSS" /> <entry key="id" value="AuctionWeight" /> <entry key="value" value="0.15" /> </map>
				<map> <entry key="filterName" value="JPAggrSS" /> <entry key="id" value="ExecutionRatio" /> <entry key="value" value="0.5" /> </map>
				<map> <entry key="filterName" value="JPAggrSS" /> <entry key="id" value="DispQtyAdjust" /> <entry key="value" value="0" /> </map>
				<map> <entry key="filterName" value="JPAggrSS" /> <entry key="id" value="TriggerLotsDefault" /> <entry key="value" value="1" /> </map>
				<map> <entry key="filterName" value="JPAggrSS" /> <entry key="id" value="DontTakeLotsDefault" /> <entry key="value" value="0" /> </map>

				<map> <entry key="filterName" value="JPAggrSSNormal" /> <entry key="id" value="AtsWeight" /> <entry key="value" value="3" /> </map>
				<map> <entry key="filterName" value="JPAggrSSNormal" /> <entry key="id" value="NearWeight" /> <entry key="value" value="0.15" /> </map>
				<map> <entry key="filterName" value="JPAggrSSNormal" /> <entry key="id" value="QueueDiffWeight" /> <entry key="value" value="0.5" /> </map>
				<map> <entry key="filterName" value="JPAggrSSNormal" /> <entry key="id" value="AuctionWeight" /> <entry key="value" value="0.1" /> </map>
				<map> <entry key="filterName" value="JPAggrSSNormal" /> <entry key="id" value="ExecutionRatio" /> <entry key="value" value="0.2" /> </map>

				<map> <entry key="filterName" value="JPAggrSSPassive" /> <entry key="id" value="AtsWeight" /> <entry key="value" value="1" /> </map>
				<map> <entry key="filterName" value="JPAggrSSPassive" /> <entry key="id" value="NearWeight" /> <entry key="value" value="0" /> </map>
				<map> <entry key="filterName" value="JPAggrSSPassive" /> <entry key="id" value="QueueDiffWeight" /> <entry key="value" value="0" /> </map>
				<map> <entry key="filterName" value="JPAggrSSPassive" /> <entry key="id" value="AuctionWeight" /> <entry key="value" value="0" /> </map>
				<map> <entry key="filterName" value="JPAggrSSPassive" /> <entry key="id" value="ExecutionRatio" /> <entry key="value" value="0" /> </map>

				<!-- Default and normalStyle -->
				<map> <entry key="filterName" value="DisplayQtyStrategyDefault_AggSS_Sniper" /> <entry key="id" value="ExecStyle" /> <entry key="value" value="AGGR" /> </map>
				<map> <entry key="filterName" value="DisplayQtyStrategyDefault_AggSS_Sniper" /> <entry key="id" value="ExecutionRatio" /> <entry key="value" value="0.5" /> </map>
				<map> <entry key="filterName" value="DisplayQtyStrategyDefault_AggSS_Sniper" /> <entry key="id" value="DispQtyAdjust" /> <entry key="value" value="10" /> </map>
				<map> <entry key="filterName" value="DisplayQtyStrategyDefault_Iceberg_Pegging" /> <entry key="id" value="ExecStyle" /> <entry key="value" value="NORM" /> </map>
				<map> <entry key="filterName" value="DisplayQtyStrategyDefault_Iceberg_Pegging" /> <entry key="id" value="ExecutionRatio" /> <entry key="value" value="0.2" /> </map>
				<map> <entry key="filterName" value="DisplayQtyStrategyDefault_Iceberg_Pegging" /> <entry key="id" value="DispQtyAdjust" /> <entry key="value" value="10" /> </map>
				
				<map> <entry key="filterName" value="DisplayQtyStrategyPassive" /> <entry key="id" value="ExecStyle" /> <entry key="value" value="PASS" /> <entry key="override" value="Y" /> </map>
				<map> <entry key="filterName" value="DisplayQtyStrategyPassive" /> <entry key="id" value="AtsWeight" /> <entry key="value" value="1" /> </map>
				<map> <entry key="filterName" value="DisplayQtyStrategyPassive" /> <entry key="id" value="NearWeight" /> <entry key="value" value="0.05" /> </map>
				<map> <entry key="filterName" value="DisplayQtyStrategyPassive" /> <entry key="id" value="QueueDiffWeight" /> <entry key="value" value="0.2" /> </map>
				<map> <entry key="filterName" value="DisplayQtyStrategyPassive" /> <entry key="id" value="AuctionWeight" /> <entry key="value" value="0.01" /> </map>
				<map> <entry key="filterName" value="DisplayQtyStrategyPassive" /> <entry key="id" value="ExecutionRatio" /> <entry key="value" value="0.0" /> </map>
				
				<map> <entry key="filterName" value="DisplayQtyStrategyDefault" /> <entry key="id" value="ExecStyle" /> <entry key="value" value="NORM" /> <entry key="override" value="Y" /> </map>
				<map> <entry key="filterName" value="DisplayQtyStrategyDefault" /> <entry key="id" value="AtsWeight" /> <entry key="value" value="1" /> </map>
				<map> <entry key="filterName" value="DisplayQtyStrategyDefault" /> <entry key="id" value="NearWeight" /> <entry key="value" value="0.1" /> </map>
				<map> <entry key="filterName" value="DisplayQtyStrategyDefault" /> <entry key="id" value="QueueDiffWeight" /> <entry key="value" value="0.4" /> </map>
				<map> <entry key="filterName" value="DisplayQtyStrategyDefault" /> <entry key="id" value="AuctionWeight" /> <entry key="value" value="0.02" /> </map>
				<map> <entry key="filterName" value="DisplayQtyStrategyDefault" /> <entry key="id" value="ExecutionRatio" /> <entry key="value" value="0.2" /> </map>
				<map> <entry key="filterName" value="DisplayQtyStrategyDefault" /> <entry key="id" value="DispQtyAdjust" /> <entry key="value" value="10" /> </map>

				<map> <entry key="filterName" value="DisplayQtyStrategyAggressive" /> <entry key="id" value="ExecStyle" /> <entry key="value" value="AGGR" /> <entry key="override" value="Y" /> </map>
				<map> <entry key="filterName" value="DisplayQtyStrategyAggressive" /> <entry key="id" value="AtsWeight" /> <entry key="value" value="2.5" /> </map>
				<map> <entry key="filterName" value="DisplayQtyStrategyAggressive" /> <entry key="id" value="NearWeight" /> <entry key="value" value="0.25" /> </map>
				<map> <entry key="filterName" value="DisplayQtyStrategyAggressive" /> <entry key="id" value="QueueDiffWeight" /> <entry key="value" value="1" /> </map>
				<map> <entry key="filterName" value="DisplayQtyStrategyAggressive" /> <entry key="id" value="AuctionWeight" /> <entry key="value" value="0.05" /> </map>
				<map> <entry key="filterName" value="DisplayQtyStrategyAggressive" /> <entry key="id" value="ExecutionRatio" /> <entry key="value" value="0.5" /> </map>
				
				<!-- execution destinations -->
				<map> <entry key="filterName" value="TSEExch" /><entry key="id" value="ExDestination" /><entry key="value" value="T" /> </map>
				<map> <entry key="filterName" value="OSEExch" /><entry key="id" value="ExDestination" /><entry key="value" value="OS" /> </map>
				<map> <entry key="filterName" value="JASExch" /><entry key="id" value="ExDestination" /><entry key="value" value="Q" /> </map>
				<map> <entry key="filterName" value="NGOExch" /><entry key="id" value="ExDestination" /><entry key="value" value="NG" /> </map>
				
				<map>
		        	<entry key="filterName" value="JPPegging" />
		        	<entry key="id" value="MaxTradeValue" />
		        	<entry key="value" value="2999999999" />
		        </map>
				
		        <map>
		        	<entry key="filterName" value="RejectShortSellExempt" />
		        	<entry key="id" value="RejectShortSellExempt" />
		        	<entry key="value" value="Y" />
		        </map>
		        <map>
		        	<entry key="filterName" value="CustomerIdSetup_KNIGHT" />
		        	<entry key="id" value="MaxQuantityInLots" />
		        	<entry key="value" value="100000" />
		        </map>
		        <map>
		        	<entry key="filterName" value="CustomerIdSetup_KNIGHT" />
		        	<entry key="id" value="MaxTradeValue" />
		        	<entry key="value" value="2999999999" />
		        </map>
		        <map>
		        	<entry key="filterName" value="CustomerIdSetup_KNIGHT" />
		        	<entry key="id" value="AvgPxRoundingFunction" />
		        	<entry key="value" value="0" />
		        </map>
		        <map>
		        	<entry key="filterName" value="CustomerIdSetup_KNIGHT" />
		        	<entry key="id" value="AvgPxDecimalPlaces" />
		        	<entry key="value" value="6" />
		        </map>
		        <map>
		        	<entry key="filterName" value="CustomerIdSetup_KNIGHT" />
		        	<entry key="id" value="InitialTicketNumber" />
		        	<entry key="value" value="1000" />
		        </map>
		        <map>
		        	<entry key="filterName" value="CustomerIdSetup_KNIGHT" />
		        	<entry key="id" value="InstrumentField" />
		        	<entry key="value" value="1" />
		        </map>
		        <map>
		        	<entry key="filterName" value="CustomerIdSetup_KNIGHT" />
		        	<entry key="id" value="ClientSymbolSource" />
		        	<entry key="value" value="1" />
		        </map>
		        <map>
		        	<entry key="filterName" value="CustomerIdSetup_KNIGHT" />
		        	<entry key="id" value="UnsolicitedCancelBehavior" />
		        	<entry key="value" value="0" />
		        </map>
		        <map>
		        	<entry key="filterName" value="CustomerIdSetup_KNIGHT" />
		        	<entry key="id" value="UnsolicitedClOrdIDBehavior" />
		        	<entry key="value" value="1" />
		        </map>
		        <map>
		        	<entry key="filterName" value="CustomerIdSetup_KNIGHT" />
		        	<entry key="id" value="SetSettlementDateOnReports" />
		        	<entry key="value" value="N" />
		        </map>
		        <map>
		        	<entry key="filterName" value="CustomerIdSetup_KNIGHT" />
		        	<entry key="id" value="ConvertDfdToExpire" />
		        	<entry key="value" value="N" />
		        </map>
		        <map>
		        	<entry key="filterName" value="CustomerIdSetup_KNIGHT" />
		        	<entry key="id" value="DfdFullyFilledOrders" />
		        	<entry key="value" value="N" />
		        </map>
		        <map>
		        	<entry key="filterName" value="CustomerIdSetup_KNIGHT" />
		        	<entry key="id" value="DfdTime" />
		        	<entry key="value" value="15:45:00" />
		        </map>
		        <map>
		        	<entry key="filterName" value="CustomerIdSetup_KNIGHT" />
		        	<entry key="id" value="ConvertTostnetLastMkt" />
		        	<entry key="value" value="Y" />
		        </map>
		        <map>
		        	<entry key="filterName" value="CustomerIdSetup_KNIGHT" />
		        	<entry key="id" value="OddLotBehavior" />
		        	<entry key="value" value="IgnoreOddLot" />
		        </map>
		        <map>
		        	<entry key="filterName" value="CustomerIdSetup_KNIGHT" />
		        	<entry key="id" value="DontDfdIfOddLotRemaining" />
		        	<entry key="value" value="Y" />
		        </map>
		        <map>
		        	<entry key="filterName" value="CustomerIdSetup_KNIGHT" />
		        	<entry key="id" value="AllowStartEndTimeOutsideMktHrs" />
		        	<entry key="value" value="Y" />
		        </map>
		        <map>
		        	<entry key="filterName" value="CustomerIdSetup_KNIGHT-FID" />
		        	<entry key="id" value="MaxQuantityInLots" />
		        	<entry key="value" value="100000" />
		        </map>
		        <map>
		        	<entry key="filterName" value="CustomerIdSetup_KNIGHT-FID" />
		        	<entry key="id" value="MaxTradeValue" />
		        	<entry key="value" value="2999999999" />
		        </map>
		        <map>
		        	<entry key="filterName" value="CustomerIdSetup_KNIGHT-FID" />
		        	<entry key="id" value="AvgPxRoundingFunction" />
		        	<entry key="value" value="0" />
		        </map>
		        <map>
		        	<entry key="filterName" value="CustomerIdSetup_KNIGHT-FID" />
		        	<entry key="id" value="AvgPxDecimalPlaces" />
		        	<entry key="value" value="6" />
		        </map>
		        <map>
		        	<entry key="filterName" value="CustomerIdSetup_KNIGHT-FID" />
		        	<entry key="id" value="InitialTicketNumber" />
		        	<entry key="value" value="4500" />
		        </map>
		        <map>
		        	<entry key="filterName" value="CustomerIdSetup_KNIGHT-FID" />
		        	<entry key="id" value="InstrumentField" />
		        	<entry key="value" value="1" />
		        </map>
		        <map>
		        	<entry key="filterName" value="CustomerIdSetup_KNIGHT-FID" />
		        	<entry key="id" value="ClientSymbolSource" />
		        	<entry key="value" value="1" />
		        </map>
		        <map>
		        	<entry key="filterName" value="CustomerIdSetup_KNIGHT-FID" />
		        	<entry key="id" value="UnsolicitedCancelBehavior" />
		        	<entry key="value" value="0" />
		        </map>
		        <map>
		        	<entry key="filterName" value="CustomerIdSetup_KNIGHT-FID" />
		        	<entry key="id" value="UnsolicitedClOrdIDBehavior" />
		        	<entry key="value" value="1" />
		        </map>
		        <map>
		        	<entry key="filterName" value="CustomerIdSetup_KNIGHT-FID" />
		        	<entry key="id" value="SetSettlementDateOnReports" />
		        	<entry key="value" value="N" />
		        </map>
		        <map>
		        	<entry key="filterName" value="CustomerIdSetup_KNIGHT-FID" />
		        	<entry key="id" value="ConvertDfdToExpire" />
		        	<entry key="value" value="N" />
		        </map>
		        <map>
		        	<entry key="filterName" value="CustomerIdSetup_KNIGHT-FID" />
		        	<entry key="id" value="DfdFullyFilledOrders" />
		        	<entry key="value" value="N" />
		        </map>
		        <map>
		        	<entry key="filterName" value="CustomerIdSetup_KNIGHT-FID" />
		        	<entry key="id" value="DfdTime" />
		        	<entry key="value" value="15:45:00" />
		        </map>
		        <map>
		        	<entry key="filterName" value="CustomerIdSetup_KNIGHT-FID" />
		        	<entry key="id" value="ConvertTostnetLastMkt" />
		        	<entry key="value" value="Y" />
		        </map>
		        <map>
		        	<entry key="filterName" value="CustomerIdSetup_KNIGHT-FID" />
		        	<entry key="id" value="OddLotBehavior" />
		        	<entry key="value" value="IgnoreOddLot" />
		        </map>
		        <map>
		        	<entry key="filterName" value="CustomerIdSetup_KNIGHT-FID" />
		        	<entry key="id" value="DontDfdIfOddLotRemaining" />
		        	<entry key="value" value="Y" />
		        </map>
		        <map>
		        	<entry key="filterName" value="CustomerIdSetup_KNIGHT-FID" />
		        	<entry key="id" value="AllowStartEndTimeOutsideMktHrs" />
		        	<entry key="value" value="Y" />
		        </map>
		        <map>
		        	<entry key="filterName" value="CustomerIdSetup_Brock-ITG" />
		        	<entry key="id" value="MaxQuantityInLots" />
		        	<entry key="value" value="1000000" />
		        </map>
		        <map>
		        	<entry key="filterName" value="CustomerIdSetup_Brock-ITG" />
		        	<entry key="id" value="MaxTradeValue" />
		        	<entry key="value" value="4000000000" />
		        </map>
		        <map>
		        	<entry key="filterName" value="CustomerIdSetup_Brock-ITG" />
		        	<entry key="id" value="AvgPxRoundingFunction" />
		        	<entry key="value" value="2" />
		        </map>
		        <map>
		        	<entry key="filterName" value="CustomerIdSetup_Brock-ITG" />
		        	<entry key="id" value="AvgPxDecimalPlaces" />
		        	<entry key="value" value="4" />
		        </map>
		        <map>
		        	<entry key="filterName" value="CustomerIdSetup_Brock-ITG" />
		        	<entry key="id" value="InitialTicketNumber" />
		        	<entry key="value" value="1000" />
		        </map>
		        <map>
		        	<entry key="filterName" value="CustomerIdSetup_Brock-ITG" />
		        	<entry key="id" value="InstrumentField" />
		        	<entry key="value" value="0" />
		        </map>
		        <map>
		        	<entry key="filterName" value="CustomerIdSetup_Brock-ITG" />
		        	<entry key="id" value="UnsolicitedCancelBehavior" />
		        	<entry key="value" value="0" />
		        </map>
		        <map>
		        	<entry key="filterName" value="CustomerIdSetup_Brock-ITG" />
		        	<entry key="id" value="UnsolicitedClOrdIDBehavior" />
		        	<entry key="value" value="1" />
		        </map>
		        <map>
		        	<entry key="filterName" value="CustomerIdSetup_Brock-ITG" />
		        	<entry key="id" value="SetSettlementDateOnReports" />
		        	<entry key="value" value="N" />
		        </map>
		        <map>
		        	<entry key="filterName" value="CustomerIdSetup_Brock-ITG" />
		        	<entry key="id" value="ConvertDfdToExpire" />
		        	<entry key="value" value="N" />
		        </map>
		        <map>
		        	<entry key="filterName" value="CustomerIdSetup_Brock-ITG" />
		        	<entry key="id" value="DfdFullyFilledOrders" />
		        	<entry key="value" value="N" />
		        </map>
		        <map>
		        	<entry key="filterName" value="CustomerIdSetup_Brock-ITG" />
		        	<entry key="id" value="DfdTime" />
		        	<entry key="value" value="15:45:00" />
		        </map>
		        <map>
		        	<entry key="filterName" value="CustomerIdSetup_Brock-ITG" />
		        	<entry key="id" value="ConvertTostnetLastMkt" />
		        	<entry key="value" value="Y" />
		        </map>
		        <map>
		        	<entry key="filterName" value="CustomerIdSetup_Brock-ITG" />
		        	<entry key="id" value="OddLotBehavior" />
		        	<entry key="value" value="IgnoreOddLot" />
		        </map>
		        <map>
		        	<entry key="filterName" value="CustomerIdSetup_Brock-ITG" />
		        	<entry key="id" value="DontDfdIfOddLotRemaining" />
		        	<entry key="value" value="Y" />
		        </map>
		        <map>
		        	<entry key="filterName" value="CustomerIdSetup_Brock-ITG" />
		        	<entry key="id" value="AllowStartEndTimeOutsideMktHrs" />
		        	<entry key="value" value="N" />
		        </map>
		        <map>
		        	<entry key="filterName" value="CustomerIdSetup_DAIWACMEU" />
		        	<entry key="id" value="MaxQuantityInLots" />
		        	<entry key="value" value="10000" />
		        </map>
		        <map>
		        	<entry key="filterName" value="CustomerIdSetup_DAIWACMEU" />
		        	<entry key="id" value="MaxTradeValue" />
		        	<entry key="value" value="3000000000" />
		        </map>
		        <map>
		        	<entry key="filterName" value="CustomerIdSetup_DAIWACMEU" />
		        	<entry key="id" value="AvgPxRoundingFunction" />
		        	<entry key="value" value="0" />
		        </map>
		        <map>
		        	<entry key="filterName" value="CustomerIdSetup_DAIWACMEU" />
		        	<entry key="id" value="AvgPxDecimalPlaces" />
		        	<entry key="value" value="6" />
		        </map>
		        <map>
		        	<entry key="filterName" value="CustomerIdSetup_DAIWACMEU" />
		        	<entry key="id" value="InitialTicketNumber" />
		        	<entry key="value" value="1000" />
		        </map>
		        <map>
		        	<entry key="filterName" value="CustomerIdSetup_DAIWACMEU" />
		        	<entry key="id" value="InstrumentField" />
		        	<entry key="value" value="1" />
		        </map>
		        <map>
		        	<entry key="filterName" value="CustomerIdSetup_DAIWACMEU" />
		        	<entry key="id" value="ClientSymbolSource" />
		        	<entry key="value" value="0" />
		        </map>
		        <map>
		        	<entry key="filterName" value="CustomerIdSetup_DAIWACMEU" />
		        	<entry key="id" value="UnsolicitedCancelBehavior" />
		        	<entry key="value" value="0" />
		        </map>
		        <map>
		        	<entry key="filterName" value="CustomerIdSetup_DAIWACMEU" />
		        	<entry key="id" value="UnsolicitedClOrdIDBehavior" />
		        	<entry key="value" value="1" />
		        </map>
		        <map>
		        	<entry key="filterName" value="CustomerIdSetup_DAIWACMEU" />
		        	<entry key="id" value="SetSettlementDateOnReports" />
		        	<entry key="value" value="N" />
		        </map>
		        <map>
		        	<entry key="filterName" value="CustomerIdSetup_DAIWACMEU" />
		        	<entry key="id" value="ConvertDfdToExpire" />
		        	<entry key="value" value="N" />
		        </map>
		        <map>
		        	<entry key="filterName" value="CustomerIdSetup_DAIWACMEU" />
		        	<entry key="id" value="DfdFullyFilledOrders" />
		        	<entry key="value" value="N" />
		        </map>
		        <map>
		        	<entry key="filterName" value="CustomerIdSetup_DAIWACMEU" />
		        	<entry key="id" value="DfdTime" />
		        	<entry key="value" value="15:45:00" />
		        </map>
		        <map>
		        	<entry key="filterName" value="CustomerIdSetup_DAIWACMEU" />
		        	<entry key="id" value="ConvertTostnetLastMkt" />
		        	<entry key="value" value="Y" />
		        </map>
		        <map>
		        	<entry key="filterName" value="CustomerIdSetup_DAIWACMEU" />
		        	<entry key="id" value="OddLotBehavior" />
		        	<entry key="value" value="Reject" />
		        </map>
		        <map>
		        	<entry key="filterName" value="CustomerIdSetup_DAIWACMEU" />
		        	<entry key="id" value="AllowStartEndTimeOutsideMktHrs" />
		        	<entry key="value" value="N" />
		        </map>
		        <map>
		        	<entry key="filterName" value="CustomerIdSetup_Harris_RT" />
		        	<entry key="id" value="MaxQuantityInLots" />
		        	<entry key="value" value="1000000" />
		        </map>
		        <map>
		        	<entry key="filterName" value="CustomerIdSetup_Harris_RT" />
		        	<entry key="id" value="MaxTradeValue" />
		        	<entry key="value" value="2999999999" />
		        </map>
		        <map>
		        	<entry key="filterName" value="CustomerIdSetup_Harris_RT" />
		        	<entry key="id" value="AvgPxRoundingFunction" />
		        	<entry key="value" value="2" />
		        </map>
		        <map>
		        	<entry key="filterName" value="CustomerIdSetup_Harris_RT" />
		        	<entry key="id" value="AvgPxDecimalPlaces" />
		        	<entry key="value" value="4" />
		        </map>
		        <map>
		        	<entry key="filterName" value="CustomerIdSetup_Harris_RT" />
		        	<entry key="id" value="InitialTicketNumber" />
		        	<entry key="value" value="1000" />
		        </map>
		        <map>
		        	<entry key="filterName" value="CustomerIdSetup_Harris_RT" />
		        	<entry key="id" value="InstrumentField" />
		        	<entry key="value" value="0" />
		        </map>
		        <map>
		        	<entry key="filterName" value="CustomerIdSetup_Harris_RT" />
		        	<entry key="id" value="UnsolicitedCancelBehavior" />
		        	<entry key="value" value="0" />
		        </map>
		        <map>
		        	<entry key="filterName" value="CustomerIdSetup_Harris_RT" />
		        	<entry key="id" value="UnsolicitedClOrdIDBehavior" />
		        	<entry key="value" value="1" />
		        </map>
		        <map>
		        	<entry key="filterName" value="CustomerIdSetup_Harris_RT" />
		        	<entry key="id" value="SetSettlementDateOnReports" />
		        	<entry key="value" value="N" />
		        </map>
		        <map>
		        	<entry key="filterName" value="CustomerIdSetup_Harris_RT" />
		        	<entry key="id" value="ConvertDfdToExpire" />
		        	<entry key="value" value="N" />
		        </map>
		        <map>
		        	<entry key="filterName" value="CustomerIdSetup_Harris_RT" />
		        	<entry key="id" value="DfdFullyFilledOrders" />
		        	<entry key="value" value="N" />
		        </map>
		        <map>
		        	<entry key="filterName" value="CustomerIdSetup_Harris_RT" />
		        	<entry key="id" value="DfdTime" />
		        	<entry key="value" value="15:45:00" />
		        </map>
		        <map>
		        	<entry key="filterName" value="CustomerIdSetup_Harris_RT" />
		        	<entry key="id" value="ConvertTostnetLastMkt" />
		        	<entry key="value" value="Y" />
		        </map>
		        <map>
		        	<entry key="filterName" value="CustomerIdSetup_Harris_RT" />
		        	<entry key="id" value="OddLotBehavior" />
		        	<entry key="value" value="IgnoreOddLot" />
		        </map>
		        <map>
		        	<entry key="filterName" value="CustomerIdSetup_Harris_RT" />
		        	<entry key="id" value="DontDfdIfOddLotRemaining" />
		        	<entry key="value" value="Y" />
		        </map>
		        <map>
		        	<entry key="filterName" value="CustomerIdSetup_Harris_RT" />
		        	<entry key="id" value="AllowStartEndTimeOutsideMktHrs" />
		        	<entry key="value" value="N" />
		        </map>
		        <map>
		        	<entry key="filterName" value="CustomerIdSetup_INDUS" />
		        	<entry key="id" value="MaxQuantityInLots" />
		        	<entry key="value" value="1000000" />
		        </map>
		        <map>
		        	<entry key="filterName" value="CustomerIdSetup_INDUS" />
		        	<entry key="id" value="MaxTradeValue" />
		        	<entry key="value" value="2999999999" />
		        </map>
		        <map>
		        	<entry key="filterName" value="CustomerIdSetup_INDUS" />
		        	<entry key="id" value="AvgPxRoundingFunction" />
		        	<entry key="value" value="2" />
		        </map>
		        <map>
		        	<entry key="filterName" value="CustomerIdSetup_INDUS" />
		        	<entry key="id" value="AvgPxDecimalPlaces" />
		        	<entry key="value" value="4" />
		        </map>
		        <map>
		        	<entry key="filterName" value="CustomerIdSetup_INDUS" />
		        	<entry key="id" value="InitialTicketNumber" />
		        	<entry key="value" value="1000" />
		        </map>
		        <map>
		        	<entry key="filterName" value="CustomerIdSetup_INDUS" />
		        	<entry key="id" value="InstrumentField" />
		        	<entry key="value" value="0" />
		        </map>
		        <map>
		        	<entry key="filterName" value="CustomerIdSetup_INDUS" />
		        	<entry key="id" value="UnsolicitedCancelBehavior" />
		        	<entry key="value" value="0" />
		        </map>
		        <map>
		        	<entry key="filterName" value="CustomerIdSetup_INDUS" />
		        	<entry key="id" value="UnsolicitedClOrdIDBehavior" />
		        	<entry key="value" value="1" />
		        </map>
		        <map>
		        	<entry key="filterName" value="CustomerIdSetup_INDUS" />
		        	<entry key="id" value="SetSettlementDateOnReports" />
		        	<entry key="value" value="N" />
		        </map>
		        <map>
		        	<entry key="filterName" value="CustomerIdSetup_INDUS" />
		        	<entry key="id" value="ConvertDfdToExpire" />
		        	<entry key="value" value="N" />
		        </map>
		        <map>
		        	<entry key="filterName" value="CustomerIdSetup_INDUS" />
		        	<entry key="id" value="DfdFullyFilledOrders" />
		        	<entry key="value" value="N" />
		        </map>
		        <map>
		        	<entry key="filterName" value="CustomerIdSetup_INDUS" />
		        	<entry key="id" value="DfdTime" />
		        	<entry key="value" value="15:45:00" />
		        </map>
		        <map>
		        	<entry key="filterName" value="CustomerIdSetup_INDUS" />
		        	<entry key="id" value="ConvertTostnetLastMkt" />
		        	<entry key="value" value="Y" />
		        </map>
		        <map>
		        	<entry key="filterName" value="CustomerIdSetup_INDUS" />
		        	<entry key="id" value="OddLotBehavior" />
		        	<entry key="value" value="IgnoreOddLot" />
		        </map>
		        <map>
		        	<entry key="filterName" value="CustomerIdSetup_INDUS" />
		        	<entry key="id" value="DontDfdIfOddLotRemaining" />
		        	<entry key="value" value="Y" />
		        </map>
		        <map>
		        	<entry key="filterName" value="CustomerIdSetup_INDUS" />
		        	<entry key="id" value="AllowStartEndTimeOutsideMktHrs" />
		        	<entry key="value" value="N" />
		        </map>
		        <map>
		        	<entry key="filterName" value="CustomerIdSetup_LOUIS" />
		        	<entry key="id" value="MaxQuantityInLots" />
		        	<entry key="value" value="1000000" />
		        </map>
		        <map>
		        	<entry key="filterName" value="CustomerIdSetup_LOUIS" />
		        	<entry key="id" value="MaxTradeValue" />
		        	<entry key="value" value="2999999999" />
		        </map>
		        <map>
		        	<entry key="filterName" value="CustomerIdSetup_LOUIS" />
		        	<entry key="id" value="AvgPxRoundingFunction" />
		        	<entry key="value" value="0" />
		        </map>
		        <map>
		        	<entry key="filterName" value="CustomerIdSetup_LOUIS" />
		        	<entry key="id" value="AvgPxDecimalPlaces" />
		        	<entry key="value" value="6" />
		        </map>
		        <map>
		        	<entry key="filterName" value="CustomerIdSetup_LOUIS" />
		        	<entry key="id" value="InitialTicketNumber" />
		        	<entry key="value" value="1000" />
		        </map>
		        <map>
		        	<entry key="filterName" value="CustomerIdSetup_LOUIS" />
		        	<entry key="id" value="InstrumentField" />
		        	<entry key="value" value="1" />
		        </map>
		        <map>
		        	<entry key="filterName" value="CustomerIdSetup_LOUIS" />
		        	<entry key="id" value="ClientSymbolSource" />
		        	<entry key="value" value="1" />
		        </map>
		        <map>
		        	<entry key="filterName" value="CustomerIdSetup_LOUIS" />
		        	<entry key="id" value="UnsolicitedCancelBehavior" />
		        	<entry key="value" value="0" />
		        </map>
		        <map>
		        	<entry key="filterName" value="CustomerIdSetup_LOUIS" />
		        	<entry key="id" value="UnsolicitedClOrdIDBehavior" />
		        	<entry key="value" value="1" />
		        </map>
		        <map>
		        	<entry key="filterName" value="CustomerIdSetup_LOUIS" />
		        	<entry key="id" value="SetSettlementDateOnReports" />
		        	<entry key="value" value="N" />
		        </map>
		        <map>
		        	<entry key="filterName" value="CustomerIdSetup_LOUIS" />
		        	<entry key="id" value="ConvertDfdToExpire" />
		        	<entry key="value" value="N" />
		        </map>
		        <map>
		        	<entry key="filterName" value="CustomerIdSetup_LOUIS" />
		        	<entry key="id" value="DfdFullyFilledOrders" />
		        	<entry key="value" value="N" />
		        </map>
		        <map>
		        	<entry key="filterName" value="CustomerIdSetup_LOUIS" />
		        	<entry key="id" value="DfdTime" />
		        	<entry key="value" value="15:15:00" />
		        </map>
		        <map>
		        	<entry key="filterName" value="CustomerIdSetup_LOUIS" />
		        	<entry key="id" value="ConvertTostnetLastMkt" />
		        	<entry key="value" value="Y" />
		        </map>
		        <map>
		        	<entry key="filterName" value="CustomerIdSetup_LOUIS" />
		        	<entry key="id" value="OddLotBehavior" />
		        	<entry key="value" value="Reject" />
		        </map>
		        <map>
		        	<entry key="filterName" value="CustomerIdSetup_LOUIS" />
		        	<entry key="id" value="AllowStartEndTimeOutsideMktHrs" />
		        	<entry key="value" value="N" />
		        </map>
		        <map>
		        	<entry key="filterName" value="CustomerIdSetup_UMJ_VPL" />
		        	<entry key="id" value="MaxQuantityInLots" />
		        	<entry key="value" value="1000000" />
		        </map>
		        <map>
		        	<entry key="filterName" value="CustomerIdSetup_UMJ_VPL" />
		        	<entry key="id" value="MaxTradeValue" />
		        	<entry key="value" value="400000000" />
		        </map>
		        <map>
		        	<entry key="filterName" value="CustomerIdSetup_UMJ_VPL" />
		        	<entry key="id" value="AvgPxRoundingFunction" />
		        	<entry key="value" value="0" />
		        </map>
		        <map>
		        	<entry key="filterName" value="CustomerIdSetup_UMJ_VPL" />
		        	<entry key="id" value="AvgPxDecimalPlaces" />
		        	<entry key="value" value="6" />
		        </map>
		        <map>
		        	<entry key="filterName" value="CustomerIdSetup_UMJ_VPL" />
		        	<entry key="id" value="InitialTicketNumber" />
		        	<entry key="value" value="1000" />
		        </map>
		        <map>
		        	<entry key="filterName" value="CustomerIdSetup_UMJ_VPL" />
		        	<entry key="id" value="InstrumentField" />
		        	<entry key="value" value="1" />
		        </map>
		        <map>
		        	<entry key="filterName" value="CustomerIdSetup_UMJ_VPL" />
		        	<entry key="id" value="ClientSymbolSource" />
		        	<entry key="value" value="0" />
		        </map>
		        <map>
		        	<entry key="filterName" value="CustomerIdSetup_UMJ_VPL" />
		        	<entry key="id" value="UnsolicitedCancelBehavior" />
		        	<entry key="value" value="0" />
		        </map>
		        <map>
		        	<entry key="filterName" value="CustomerIdSetup_UMJ_VPL" />
		        	<entry key="id" value="UnsolicitedClOrdIDBehavior" />
		        	<entry key="value" value="1" />
		        </map>
		        <map>
		        	<entry key="filterName" value="CustomerIdSetup_UMJ_VPL" />
		        	<entry key="id" value="SetSettlementDateOnReports" />
		        	<entry key="value" value="N" />
		        </map>
		        <map>
		        	<entry key="filterName" value="CustomerIdSetup_UMJ_VPL" />
		        	<entry key="id" value="ConvertDfdToExpire" />
		        	<entry key="value" value="N" />
		        </map>
		        <map>
		        	<entry key="filterName" value="CustomerIdSetup_UMJ_VPL" />
		        	<entry key="id" value="DfdFullyFilledOrders" />
		        	<entry key="value" value="N" />
		        </map>
		        <map>
		        	<entry key="filterName" value="CustomerIdSetup_UMJ_VPL" />
		        	<entry key="id" value="DfdTime" />
		        	<entry key="value" value="15:45:00" />
		        </map>
		        <map>
		        	<entry key="filterName" value="CustomerIdSetup_UMJ_VPL" />
		        	<entry key="id" value="ConvertTostnetLastMkt" />
		        	<entry key="value" value="Y" />
		        </map>
		        <map>
		        	<entry key="filterName" value="CustomerIdSetup_UMJ_VPL" />
		        	<entry key="id" value="OddLotBehavior" />
		        	<entry key="value" value="Reject" />
		        </map>
		        <map>
		        	<entry key="filterName" value="CustomerIdSetup_UMJ_VPL" />
		        	<entry key="id" value="AllowStartEndTimeOutsideMktHrs" />
		        	<entry key="value" value="N" />
		        </map>
		        <map>
		        	<entry key="filterName" value="CustomerIdSetup_WILL-AUTEX" />
		        	<entry key="id" value="MaxQuantityInLots" />
		        	<entry key="value" value="1000000000" />
		        </map>
		        <map>
		        	<entry key="filterName" value="CustomerIdSetup_WILL-AUTEX" />
		        	<entry key="id" value="MaxTradeValue" />
		        	<entry key="value" value="10000000000" />
		        </map>
		        <map>
		        	<entry key="filterName" value="CustomerIdSetup_WILL-AUTEX" />
		        	<entry key="id" value="AvgPxRoundingFunction" />
		        	<entry key="value" value="0" />
		        </map>
		        <map>
		        	<entry key="filterName" value="CustomerIdSetup_WILL-AUTEX" />
		        	<entry key="id" value="AvgPxDecimalPlaces" />
		        	<entry key="value" value="6" />
		        </map>
		        <map>
		        	<entry key="filterName" value="CustomerIdSetup_WILL-AUTEX" />
		        	<entry key="id" value="InitialTicketNumber" />
		        	<entry key="value" value="1000" />
		        </map>
		        <map>
		        	<entry key="filterName" value="CustomerIdSetup_WILL-AUTEX" />
		        	<entry key="id" value="InstrumentField" />
		        	<entry key="value" value="0" />
		        </map>
		        <map>
		        	<entry key="filterName" value="CustomerIdSetup_WILL-AUTEX" />
		        	<entry key="id" value="UnsolicitedCancelBehavior" />
		        	<entry key="value" value="0" />
		        </map>
		        <map>
		        	<entry key="filterName" value="CustomerIdSetup_WILL-AUTEX" />
		        	<entry key="id" value="UnsolicitedClOrdIDBehavior" />
		        	<entry key="value" value="1" />
		        </map>
		        <map>
		        	<entry key="filterName" value="CustomerIdSetup_WILL-AUTEX" />
		        	<entry key="id" value="SetSettlementDateOnReports" />
		        	<entry key="value" value="N" />
		        </map>
		        <map>
		        	<entry key="filterName" value="CustomerIdSetup_WILL-AUTEX" />
		        	<entry key="id" value="ConvertDfdToExpire" />
		        	<entry key="value" value="N" />
		        </map>
		        <map>
		        	<entry key="filterName" value="CustomerIdSetup_WILL-AUTEX" />
		        	<entry key="id" value="DfdFullyFilledOrders" />
		        	<entry key="value" value="Y" />
		        </map>
		        <map>
		        	<entry key="filterName" value="CustomerIdSetup_WILL-AUTEX" />
		        	<entry key="id" value="DfdTime" />
		        	<entry key="value" value="15:45:00" />
		        </map>
		        <map>
		        	<entry key="filterName" value="CustomerIdSetup_WILL-AUTEX" />
		        	<entry key="id" value="ConvertTostnetLastMkt" />
		        	<entry key="value" value="Y" />
		        </map>
		        <map>
		        	<entry key="filterName" value="CustomerIdSetup_WILL-AUTEX" />
		        	<entry key="id" value="OddLotBehavior" />
		        	<entry key="value" value="IgnoreOddLot" />
		        </map>
		        <map>
		        	<entry key="filterName" value="CustomerIdSetup_WILL-AUTEX" />
		        	<entry key="id" value="DontDfdIfOddLotRemaining" />
		        	<entry key="value" value="Y" />
		        </map>
		        <map>
		        	<entry key="filterName" value="CustomerIdSetup_WILL-AUTEX" />
		        	<entry key="id" value="AllowStartEndTimeOutsideMktHrs" />
		        	<entry key="value" value="N" />
		        </map>
		        <map>
		        	<entry key="filterName" value="CustomerIdSetup_KNIGHT SEC" />
		        	<entry key="id" value="MaxQuantityInLots" />
		        	<entry key="value" value="1000000" />
		        </map>
		        <map>
		        	<entry key="filterName" value="CustomerIdSetup_KNIGHT SEC" />
		        	<entry key="id" value="MaxTradeValue" />
		        	<entry key="value" value="2999999999" />
		        </map>
		        <map>
		        	<entry key="filterName" value="CustomerIdSetup_KNIGHT SEC" />
		        	<entry key="id" value="AvgPxRoundingFunction" />
		        	<entry key="value" value="0" />
		        </map>
		        <map>
		        	<entry key="filterName" value="CustomerIdSetup_KNIGHT SEC" />
		        	<entry key="id" value="AvgPxDecimalPlaces" />
		        	<entry key="value" value="6" />
		        </map>
		        <map>
		        	<entry key="filterName" value="CustomerIdSetup_KNIGHT SEC" />
		        	<entry key="id" value="InitialTicketNumber" />
		        	<entry key="value" value="1000" />
		        </map>
		        <map>
		        	<entry key="filterName" value="CustomerIdSetup_KNIGHT SEC" />
		        	<entry key="id" value="InstrumentField" />
		        	<entry key="value" value="0" />
		        </map>
		        <map>
		        	<entry key="filterName" value="CustomerIdSetup_KNIGHT SEC" />
		        	<entry key="id" value="UnsolicitedCancelBehavior" />
		        	<entry key="value" value="0" />
		        </map>
		        <map>
		        	<entry key="filterName" value="CustomerIdSetup_KNIGHT SEC" />
		        	<entry key="id" value="UnsolicitedClOrdIDBehavior" />
		        	<entry key="value" value="1" />
		        </map>
		        <map>
		        	<entry key="filterName" value="CustomerIdSetup_KNIGHT SEC" />
		        	<entry key="id" value="SetSettlementDateOnReports" />
		        	<entry key="value" value="N" />
		        </map>
		        <map>
		        	<entry key="filterName" value="CustomerIdSetup_KNIGHT SEC" />
		        	<entry key="id" value="ConvertDfdToExpire" />
		        	<entry key="value" value="N" />
		        </map>
		        <map>
		        	<entry key="filterName" value="CustomerIdSetup_KNIGHT SEC" />
		        	<entry key="id" value="DfdFullyFilledOrders" />
		        	<entry key="value" value="N" />
		        </map>
		        <map>
		        	<entry key="filterName" value="CustomerIdSetup_KNIGHT SEC" />
		        	<entry key="id" value="DfdTime" />
		        	<entry key="value" value="15:45:00" />
		        </map>
		        <map>
		        	<entry key="filterName" value="CustomerIdSetup_KNIGHT SEC" />
		        	<entry key="id" value="ConvertTostnetLastMkt" />
		        	<entry key="value" value="Y" />
		        </map>
		        <map>
		        	<entry key="filterName" value="CustomerIdSetup_KNIGHT SEC" />
		        	<entry key="id" value="OddLotBehavior" />
		        	<entry key="value" value="IgnoreOddLot" />
		        </map>
		        <map>
		        	<entry key="filterName" value="CustomerIdSetup_KNIGHT SEC" />
		        	<entry key="id" value="DontDfdIfOddLotRemaining" />
		        	<entry key="value" value="Y" />
		        </map>
		        <map>
		        	<entry key="filterName" value="CustomerIdSetup_KNIGHT SEC" />
		        	<entry key="id" value="AllowStartEndTimeOutsideMktHrs" />
		        	<entry key="value" value="N" />
		        </map>
		        <map>
		        	<entry key="filterName" value="CustomerIdSetup_TRADE_PORT" />
		        	<entry key="id" value="MaxQuantityInLots" />
		        	<entry key="value" value="20000000" />
		        </map>
		        <map>
		        	<entry key="filterName" value="CustomerIdSetup_TRADE_PORT" />
		        	<entry key="id" value="MaxTradeValue" />
		        	<entry key="value" value="2999999999999" />
		        </map>
		        <map>
		        	<entry key="filterName" value="CustomerIdSetup_TRADE_PORT" />
		        	<entry key="id" value="AvgPxRoundingFunction" />
		        	<entry key="value" value="0" />
		        </map>
		        <map>
		        	<entry key="filterName" value="CustomerIdSetup_TRADE_PORT" />
		        	<entry key="id" value="AvgPxDecimalPlaces" />
		        	<entry key="value" value="6" />
		        </map>
		        <map>
		        	<entry key="filterName" value="CustomerIdSetup_TRADE_PORT" />
		        	<entry key="id" value="InitialTicketNumber" />
		        	<entry key="value" value="1000" />
		        </map>
		        <map>
		        	<entry key="filterName" value="CustomerIdSetup_TRADE_PORT" />
		        	<entry key="id" value="InstrumentField" />
		        	<entry key="value" value="1" />
		        </map>
		        <map>
		        	<entry key="filterName" value="CustomerIdSetup_TRADE_PORT" />
		        	<entry key="id" value="ClientSymbolSource" />
		        	<entry key="value" value="1" />
		        </map>
		        <map>
		        	<entry key="filterName" value="CustomerIdSetup_TRADE_PORT" />
		        	<entry key="id" value="UnsolicitedCancelBehavior" />
		        	<entry key="value" value="0" />
		        </map>
		        <map>
		        	<entry key="filterName" value="CustomerIdSetup_TRADE_PORT" />
		        	<entry key="id" value="UnsolicitedClOrdIDBehavior" />
		        	<entry key="value" value="1" />
		        </map>
		        <map>
		        	<entry key="filterName" value="CustomerIdSetup_TRADE_PORT" />
		        	<entry key="id" value="SetSettlementDateOnReports" />
		        	<entry key="value" value="Y" />
		        </map>
		        <map>
		        	<entry key="filterName" value="CustomerIdSetup_TRADE_PORT" />
		        	<entry key="id" value="ConvertDfdToExpire" />
		        	<entry key="value" value="N" />
		        </map>
		        <map>
		        	<entry key="filterName" value="CustomerIdSetup_TRADE_PORT" />
		        	<entry key="id" value="DfdFullyFilledOrders" />
		        	<entry key="value" value="N" />
		        </map>
		        <map>
		        	<entry key="filterName" value="CustomerIdSetup_TRADE_PORT" />
		        	<entry key="id" value="ConvertTostnetLastMkt" />
		        	<entry key="value" value="Y" />
		        </map>
		        <map>
		        	<entry key="filterName" value="CustomerIdSetup_TRADE_PORT" />
		        	<entry key="id" value="OddLotBehavior" />
		        	<entry key="value" value="Reject" />
		        </map>
		        <map>
		        	<entry key="filterName" value="CustomerIdSetup_TRADE_PORT" />
		        	<entry key="id" value="AllowStartEndTimeOutsideMktHrs" />
		        	<entry key="value" value="N" />
		        </map>
		        <map>
		        	<entry key="filterName" value="CustomerIdSetup_TRADE_PORT" />
		        	<entry key="id" value="ExecIdFormat" />
		        	<entry key="value" value="2" />
		        </map>
		        <map>
		        	<entry key="filterName" value="CustomerIdSetup_TRADE_PORT" />
		        	<entry key="id" value="OrderIdFormat" />
		        	<entry key="value" value="2" />
		        </map>
		        <map>
					<entry key="filterName" value="CustomerIdSetup_DSETMAINAK" />
					<entry key="id" value="MaxQuantityInLots" />
					<entry key="value" value="100" />
				</map>
				<map>
					<entry key="filterName" value="CustomerIdSetup_DSETMAINAK" />
					<entry key="id" value="MaxTradeValue" />
					<entry key="value" value="10000000" />
				</map>
				<map>
					<entry key="filterName" value="CustomerIdSetup_DSETMAINAK" />
					<entry key="id" value="AvgPxRoundingFunction" />
					<entry key="value" value="0" />
				</map>
				<map>
					<entry key="filterName" value="CustomerIdSetup_DSETMAINAK" />
					<entry key="id" value="AvgPxDecimalPlaces" />
					<entry key="value" value="4" />
				</map>
				<map>
					<entry key="filterName" value="CustomerIdSetup_DSETMAINAK" />
					<entry key="id" value="UnsolicitedCancelBehavior" />
					<entry key="value" value="0" />
				</map>
				<map>
					<entry key="filterName" value="CustomerIdSetup_DSETMAINAK" />
					<entry key="id" value="UnsolicitedClOrdIDBehavior" />
					<entry key="value" value="1" />
				</map>
				<map>
					<entry key="filterName" value="CustomerIdSetup_DSETMAINAK" />
					<entry key="id" value="SetSettlementDateOnReports" />
					<entry key="value" value="N" />
				</map>
				<map>
					<entry key="filterName" value="CustomerIdSetup_DSETMAINAK" />
					<entry key="id" value="ConvertDfdToExpire" />
					<entry key="value" value="N" />
				</map>
				<map>
					<entry key="filterName" value="CustomerIdSetup_DSETMAINAK" />
					<entry key="id" value="DfdFullyFilledOrders" />
					<entry key="value" value="N" />
				</map>
				<map>
					<entry key="filterName" value="CustomerIdSetup_DSETMAINAK" />
					<entry key="id" value="InitialTicketNumber" />
					<entry key="value" value="99" />
				</map>
				<map>
					<entry key="filterName" value="CustomerIdSetup_DSETMAINAK" />
					<entry key="id" value="InstrumentField" />
					<entry key="value" value="0" />
				</map>
				<map>
					<entry key="filterName" value="CustomerIdSetup_DSETMAINAK" />
					<entry key="id" value="DfdTime" />
					<entry key="value" value="15:45:00" />
				</map>
				<map>
					<entry key="filterName" value="CustomerIdSetup_DSETMAINAK" />
					<entry key="id" value="ConvertTostnetLastMkt" />
					<entry key="value" value="Y" />
				</map>
				<map>
					<entry key="filterName" value="CustomerIdSetup_DSETMAINAK" />
					<entry key="id" value="OddLotBehavior" />
					<entry key="value" value="Reject" />
				</map>
				<map>
					<entry key="filterName" value="CustomerIdSetup_DSETMAINAK" />
					<entry key="id" value="AllowStartEndTimeOutsideMktHrs" />
					<entry key="value" value="N" />
				</map>
				<map>
					<entry key="filterName" value="CustomerIdSetup_DSETMAINAK" />
					<entry key="id" value="ExecIdFormat" />
					<entry key="value" value="2" />
				</map>
				<map>
					<entry key="filterName" value="CustomerIdSetup_DSETMAINAK" />
					<entry key="id" value="OrderIdFormat" />
					<entry key="value" value="2" />
				</map>
				<map>
					<entry key="filterName" value="CustomerIdSetup_KNIGHT" />
					<entry key="id" value="ExecIdFormat" />
					<entry key="value" value="2" />
				</map>
				<map>
					<entry key="filterName" value="CustomerIdSetup_KNIGHT" />
					<entry key="id" value="OrderIdFormat" />
					<entry key="value" value="2" />
				</map>
				<map>
					<entry key="filterName" value="CustomerIdSetup_KNIGHT-FID" />
					<entry key="id" value="ExecIdFormat" />
					<entry key="value" value="2" />
				</map>
				<map>
					<entry key="filterName" value="CustomerIdSetup_KNIGHT-FID" />
					<entry key="id" value="OrderIdFormat" />
					<entry key="value" value="2" />
				</map>
				<map>
					<entry key="filterName" value="CustomerIdSetup_Brock-ITG" />
					<entry key="id" value="ExecIdFormat" />
					<entry key="value" value="2" />
				</map>
				<map>
					<entry key="filterName" value="CustomerIdSetup_Brock-ITG" />
					<entry key="id" value="OrderIdFormat" />
					<entry key="value" value="2" />
				</map>
				<map>
					<entry key="filterName" value="CustomerIdSetup_DAIWACMEU" />
					<entry key="id" value="ExecIdFormat" />
					<entry key="value" value="2" />
				</map>
				<map>
					<entry key="filterName" value="CustomerIdSetup_DAIWACMEU" />
					<entry key="id" value="OrderIdFormat" />
					<entry key="value" value="2" />
				</map>
				<map>
					<entry key="filterName" value="CustomerIdSetup_Harris_RT" />
					<entry key="id" value="ExecIdFormat" />
					<entry key="value" value="2" />
				</map>
				<map>
					<entry key="filterName" value="CustomerIdSetup_Harris_RT" />
					<entry key="id" value="OrderIdFormat" />
					<entry key="value" value="2" />
				</map>
				<map>
					<entry key="filterName" value="CustomerIdSetup_INDUS" />
					<entry key="id" value="ExecIdFormat" />
					<entry key="value" value="2" />
				</map>
				<map>
					<entry key="filterName" value="CustomerIdSetup_INDUS" />
					<entry key="id" value="OrderIdFormat" />
					<entry key="value" value="2" />
				</map>
				<map>
					<entry key="filterName" value="CustomerIdSetup_LOUIS" />
					<entry key="id" value="ExecIdFormat" />
					<entry key="value" value="2" />
				</map>
				<map>
					<entry key="filterName" value="CustomerIdSetup_LOUIS" />
					<entry key="id" value="OrderIdFormat" />
					<entry key="value" value="2" />
				</map>
				<map>
					<entry key="filterName" value="CustomerIdSetup_UMJ_VPL" />
					<entry key="id" value="ExecIdFormat" />
					<entry key="value" value="2" />
				</map>
				<map>
					<entry key="filterName" value="CustomerIdSetup_UMJ_VPL" />
					<entry key="id" value="OrderIdFormat" />
					<entry key="value" value="2" />
				</map>
				<map>
					<entry key="filterName" value="CustomerIdSetup_WILL-AUTEX" />
					<entry key="id" value="ExecIdFormat" />
					<entry key="value" value="2" />
				</map>
				<map>
					<entry key="filterName" value="CustomerIdSetup_WILL-AUTEX" />
					<entry key="id" value="OrderIdFormat" />
					<entry key="value" value="2" />
				</map>
				<map>
					<entry key="filterName" value="CustomerIdSetup_KNIGHT SEC" />
					<entry key="id" value="ExecIdFormat" />
					<entry key="value" value="2" />
				</map>
				<map>
					<entry key="filterName" value="CustomerIdSetup_KNIGHT SEC" />
					<entry key="id" value="OrderIdFormat" />
					<entry key="value" value="2" />
				</map>
				
				<!-- Client Alerts -->
				<map>
					<entry key="filterName" value="TravisGriffith" />
					<entry key="id" value="Trader" />
					<entry key="value" value="Travis Griffith" />
				</map>
				<map>
					<entry key="filterName" value="TravisGriffith" />
					<entry key="id" value="IBChat" />
					<entry key="value" value="Personal IB Chat" />
				</map>
				<map>
					<entry key="filterName" value="HansSham" />
					<entry key="id" value="Trader" />
					<entry key="value" value="HansSham" />
				</map>
				<map>
					<entry key="filterName" value="HansSham" />
					<entry key="id" value="IBChat" />
					<entry key="value" value="P-chat &quot;BLACKROCK &lt;&gt; BLACKROCK&quot;" />
				</map>
				<map>
					<entry key="filterName" value="TestClient_IBChat" />
					<entry key="id" value="IBChat" />
					<entry key="value" value="IbChat1" />
				</map>
				<map>
					<entry key="filterName" value="TestClient_IBChat" />
					<entry key="id" value="ComplAlertOrderLiveSeconds" />
					<entry key="value" value="30" />
				</map>
				<map>
					<entry key="filterName" value="TestClient_IBChat" />
					<entry key="id" value="PoLimitAlertTriggerTimes" />
					<entry key="value" value="-00:01:00,-00:02:00" />
				</map>
				<map>
					<entry key="filterName" value="TestClient_IBChat" />
					<entry key="id" value="ContLimitCheckIntervalSeconds" />
					<entry key="value" value="120" />
				</map>
			</list>
		</property>
	</bean>
	
	<bean name="configurableClass" class="java.lang.Class" factory-method="forName">
		<constructor-arg value="com.daiwacm.dats.oms.request.Request"/>
	</bean>
	
	
</beans>
