<?xml version="1.0" encoding="utf-8"?>
<beans 	xmlns="http://www.springframework.org/schema/beans" 	
	xmlns:xsi="http://www.w3.org/2001/XMLSchema-instance" 	
	xmlns:context="http://www.springframework.org/schema/context" 	
	xmlns:os-core="http://www.openspaces.org/schema/core" 	
	xmlns:os-events="http://www.openspaces.org/schema/events" 	
	xmlns:os-remoting="http://www.openspaces.org/schema/remoting" 	
	xmlns:os-sla="http://www.openspaces.org/schema/sla" 	
	xsi:schemaLocation="http://www.springframework.org/schema/beans	http://www.springframework.org/schema/beans/spring-beans.xsd 
		http://www.springframework.org/schema/context http://www.springframework.org/schema/context/spring-context.xsd 
		http://www.openspaces.org/schema/core http://www.openspaces.org/schema/core/openspaces-core.xsd 
		http://www.openspaces.org/schema/events http://www.openspaces.org/schema/events/openspaces-events.xsd 
		http://www.openspaces.org/schema/remoting http://www.openspaces.org/schema/remoting/openspaces-remoting.xsd 
		http://www.openspaces.org/schema/sla http://www.openspaces.org/schema/sla/openspaces-sla.xsd">
		
    <context:annotation-config />
    <os-core:annotation-support />

    <bean id="idObjectInitializer" class="com.daiwacm.dats.configManager.util.IdObjectInitializer">
	    <property name="idRangeSize"><value>5</value></property>
    	<property name="initialLoadEntries">
            <list>
                <value>com.daiwacm.dats.configManager.FilterTag</value>
                <value>com.daiwacm.dats.configManager.Property</value>
                <value>com.daiwacm.dats.configManager.Filter</value>
            </list>
        </property>
    </bean>

    
	<import resource="classpath*:/META-INF/spring/cfgMgrHibernate-${LOOKUPGROUPS}.xml"/>
    

    <!--
        Hibernate SessionFactory bean. Uses the pooled data source to connect to the database.
    -->
    <bean id="cfgSessionFactory" class="org.springframework.orm.hibernate3.annotation.AnnotationSessionFactoryBean">
        <property name="dataSource" ref="cfgDataSource"/>
        <property name="annotatedClasses">
            <list>
				<value>com.daiwacm.dats.configManager.PropertyTag</value>
                <value>com.daiwacm.dats.configManager.FilterTag</value>
                <value>com.daiwacm.dats.configManager.Property</value>
                <value>com.daiwacm.dats.configManager.Filter</value>
                <value>com.daiwacm.dats.configManager.util.IdCounterEntry</value>
            </list>
        </property>
        <property name="hibernateProperties">
            <props>
                <prop key="hibernate.dialect">org.hibernate.dialect.SybaseDialect</prop>
                <prop key="hibernate.cache.provider_class">org.hibernate.cache.NoCacheProvider</prop>
                <prop key="hibernate.cache.use_second_level_cache">false</prop>
                <prop key="hibernate.cache.use_query_cache">false</prop>
                <prop key="hibernate.show_sql">false</prop>
				<prop key="hibernate.hbm2ddl.auto">update</prop>
				<prop key="hibernate.jdbc.batch_size">50</prop>
				<prop key="hibernate.jdbc.use_scrollable_resultset">false</prop>
            </props>
        </property>
    </bean>

    <bean id="secondaryCfgSessionFactory" class="org.springframework.orm.hibernate3.annotation.AnnotationSessionFactoryBean" lazy-init="true">
        <property name="dataSource" ref="secondaryCfgDataSource"/>
        <property name="annotatedClasses">
            <list>
				<value>com.daiwacm.dats.configManager.PropertyTag</value>
                <value>com.daiwacm.dats.configManager.FilterTag</value>
                <value>com.daiwacm.dats.configManager.Property</value>
                <value>com.daiwacm.dats.configManager.Filter</value>
                <value>com.daiwacm.dats.configManager.util.IdCounterEntry</value>
            </list>
        </property>
        <property name="hibernateProperties">
            <props>
                <prop key="hibernate.dialect">org.hibernate.dialect.SybaseDialect</prop>
                <prop key="hibernate.cache.provider_class">org.hibernate.cache.NoCacheProvider</prop>
                <prop key="hibernate.cache.use_second_level_cache">false</prop>
                <prop key="hibernate.cache.use_query_cache">false</prop>
                <prop key="hibernate.show_sql">false</prop>
				<prop key="hibernate.hbm2ddl.auto">update</prop>
				<prop key="hibernate.jdbc.batch_size">50</prop>
				<prop key="hibernate.jdbc.use_scrollable_resultset">false</prop>
            </props>
        </property>
    </bean>
    
    <!--
        An external data source that will be responsible for persisting changes done on the cluster that
        connects to this mirror using Hiberante.
    -->
    <bean id="cfgHibernateDataSource" class="org.openspaces.persistency.hibernate.DefaultHibernateExternalDataSource">
        <property name="sessionFactory" ref="cfgSessionFactory"/>
        <!-- property name="useMerge" value="true"/-->
        <property name="initialLoadEntries">
            <list>
				<value>com.daiwacm.dats.configManager.PropertyTag</value>
                <value>com.daiwacm.dats.configManager.FilterTag</value>
                <value>com.daiwacm.dats.configManager.Property</value>
                <value>com.daiwacm.dats.configManager.Filter</value>
                <value>com.daiwacm.dats.configManager.util.IdCounterEntry</value>
            </list>
        </property>
        <property name="useScrollableResultSet" value="false" />
    </bean>

    <os-core:space id="cfgSpace" url="/./cfg-mgr-space" 
                   schema="persistent" external-data-source="cfgHibernateDataSource">
        <os-core:properties>
            <props>
                <!-- Use ALL IN CACHE -->
                <prop key="space-config.engine.cache_policy">1</prop>
                <prop key="space-config.external-data-source.usage">read-write</prop>
                <prop key="cluster-config.cache-loader.external-data-source">true</prop>
                <prop key="cluster-config.cache-loader.central-data-source">true</prop>
                <prop key="cluster-config.mirror-service.bulk-size">1000</prop>
                <prop key="cluster-config.mirror-service.interval-millis">3000</prop>
                <prop key="cluster-config.mirror-service.interval-opers">1000</prop>
            </props>
        </os-core:properties>
    </os-core:space>

    <os-core:local-cache id="cfgLocalCacheSpace" space="cfgSpace" update-mode="PUSH" />
    <os-core:giga-space id="cfgGigaSpace" space="cfgLocalCacheSpace" />
    
    <import resource="classpath*:/mirrorServiceDbFlipper.xml" />
    
    <bean id="flipperMBeanName" class="java.lang.String">
    	<constructor-arg type="java.lang.String" value="bean:name=com.daiwacm.configmanager.mbean.MirrorDataSourceFlipper.${clusterInfo.runningNumber}"></constructor-arg>
    </bean>
</beans>
