<?xml version="1.0" encoding="utf-8"?>
<beans 	xmlns="http://www.springframework.org/schema/beans" 	
	xmlns:xsi="http://www.w3.org/2001/XMLSchema-instance" 	
	xmlns:context="http://www.springframework.org/schema/context" 	
	xmlns:os-core="http://www.openspaces.org/schema/core" 	
	xmlns:os-events="http://www.openspaces.org/schema/events" 	
	xmlns:os-remoting="http://www.openspaces.org/schema/remoting" 	
	xmlns:os-sla="http://www.openspaces.org/schema/sla" 	
	xsi:schemaLocation="http://www.springframework.org/schema/beans	http://www.springframework.org/schema/beans/spring-beans.xsd 
		http://www.springframework.org/schema/context http://www.springframework.org/schema/context/spring-context.xsd 
		http://www.openspaces.org/schema/core http://www.openspaces.org/schema/core/openspaces-core.xsd 
		http://www.openspaces.org/schema/events http://www.openspaces.org/schema/events/openspaces-events.xsd 
		http://www.openspaces.org/schema/remoting http://www.openspaces.org/schema/remoting/openspaces-remoting.xsd 
		http://www.openspaces.org/schema/sla http://www.openspaces.org/schema/sla/openspaces-sla.xsd">
		
    <context:annotation-config />
    <os-core:annotation-support />

    <bean id="idObjectInitializer" class="com.daiwacm.dats.configManager.util.IdObjectInitializer">
	    <property name="idRangeSize"><value>5</value></property>
    	<property name="initialLoadEntries">
            <list>
                <value>com.daiwacm.dats.configManager.FilterTag</value>
                <value>com.daiwacm.dats.configManager.AlgoTagMapping</value>
                <value>com.daiwacm.dats.configManager.Property</value>
                <value>com.daiwacm.dats.configManager.Filter</value>
            </list>
        </property>
    </bean>
    
    <bean id="configManager" class="com.daiwacm.dats.configManager.MainConfigManager">
		<property name="configurableClass" ref="configurableClass"/>
		<property name="usePropertyTagFixIfUndefined" value="true"/>
    </bean>
    
    <os-core:space id="cfgSpace" url="/./cfg-mgr-space" lookup-groups="${LOOKUPGROUPS}"/>
	<os-core:giga-space id="cfgGigaSpace" space="cfgSpace" />
</beans>
